a	阿
aDiĐàPhật	阿彌陀佛
aPhiến	阿片
ai	埃
aiAi	埃ヌ
an	安
anh	英	偀
anhChị	偀姉
anhChịEm	偀姉㛪
anhEm	偀㛪
anhHọ	偀户	偀戶
anhQuốc	英國
ba	𠀧	爸
baMá	爸媽
ban	班
banNgày	班𣈜
banSáng	班𤎜
banTối	班最
bang	邦
banĐầu	班頭
bao	包
baoGiấy	包紙
baoGiờ	包𣇞
baoNhiêu	包饒
baoTay	包𢬣
bay	𠖤
biết	别
biếtBao	别包
biếtMặt	别𩈘
biếtĐiều	别条	别條
biếtĐâu	别兜
biển	𣷷
biểnNhậtBản	𣷷日本
biểnĐông	𣷷東
buổi	𣇜
buổiSáng	𣇜𤎜
buổiTối	𣇜最
bà	妑	婆
bàCon	妑𡥵	婆𡥵
bàNgoại	妑外	婆外
bàNội	妑内	婆内
bàn	盘	盤	搬
bànChân	盘蹎	盤蹎
bànCờ	盘碁	盤碁
bànGiao	搬交
bànGiấy	盘紙	盤紙
bànLuận	盘論	盤論
bànRa	盘𦋦	盤𦋦
bànTay	盘𢬣	盤𢬣
bànĂn	盘咹	盤𩛖
bác	伯
bácSĩ	伯士
bán	𧸝	半
bánÂm	半音
bánĐảo	半島
báo	報
bây	悲	𣊾
bâyGiờ	悲𣇞	𣊾𣇞
bâyNhiêu	悲饒	𣊾饒
bé	𡮣
béCon	𡮣𡥵
bên	边
bênNgoài	边外
bênPhải	边沛
bênTrái	边賴
bình	評	平	瓶
bìnhAn	平安
bìnhLuận	評論
bìnhThuỷ	瓶水
bìnhThường	平常
bò	𤙭
bóng	䏾
bóngGió	䏾𩙌	䏾𩙋
bóngTrăng	䏾𦝄
bóngĐèn	䏾畑
bông	葻
bôngHoa	葻花
bôngLan	葻蘭
bôngSen	葻蓮
bạc	鉑
bạn	伴
bạnCũ	伴𫇰
bạnVàng	伴鐄
bản	本	版
bảnDoanh	本营	本營
bảnĐồ	版圖
bảo	保	𠸒
bảoHiểm	保險
bảoLãnh	保領
bảoToàn	保全
bảoTrợ	保助
bảoVệ	保衛
bảy	𦉱
bất	不
bấtHạnh	不幸
bấtNhân	不仁
bấtThường	不常
bậy	呸
bắc	北
bắcKỳ	北圻
bắcMỹ	北美
bắt	扒
bắtĐầu	扒頭
bằng	凭	憑	朋
bằngChứng	凭證	憑證
bệnh	病
bệnhViện	病院
bị	被	備
bịĐộng	被動
bỏ	𠬃
bỏChạy	𠬃𧼋
bỏKhông	𠬃空
bỏMặc	𠬃默
bỏQua	𠬃戈
bỏĐi	𠬃𠫾
bố	布	佈	𢂞
bốMẹ	𢂞媄
bốTrận	佈陣
bốn	𦊚
bốnPhương	𦊚方
bộ	部	步
bộHành	步行
bộThủ	部首
bộTrưởng	部長
bộĐội	步隊
bởi	𤳄
bởiVì	𤳄為	𤳄爲
bụng	䏾
cao	高
caoCấp	高級
caoThượng	高上
caoXa	高賖
caoĐiểm	高點
caoĐẹp	高𢢲
cha	吒
chaMẹ	吒媄
chi	支
chia	𢺺
chiaSẻ	𢺺𢩿
chiaTay	𢺺𢬣
chim	𪀄
chiếc	隻
chiến	戰
chiếnThuyền	戰船
chiếnTrận	戰陣
chiều	朝
chiềuCao	朝高
chiềuDài	朝𨱽
cho	朱
choBiết	朱别
choNên	朱𢧚
chuyện	𡀯
chuyệnTình	𡀯情
chào	嘲
cháu	𡥙
chân	蹎
chânMây	蹎𩄲
chânTay	蹎𢬣
châu	珠	洲
châuÁ	洲亜	洲亞
châuÂu	洲歐
châuĐạiDương	洲大洋
chí	志
chín	𠃩
chính	正	政
chínhPhủ	政府
chínhThể	正体	正體
chínhThức	正式
chínhTrị	政治
chínhTrịGia	政治家
chínhTrịPhạm	政治犯
chínhĐảng	政党	政黨
chómTrưởng	呫長
chú	注
chúThích	注釋
chúa	主
chúng	眾
chúngTa	眾些
chúngTôi	眾碎	眾倅
chúÝ	注意
chơi	𨔈
chơiChữ	𨔈𡦂	𨔈𡨸
chưa	渚	𣗓
chương	章
chươngTrình	章程
chạy	𧼋
chạyBộ	𧼋步
chạyTheo	𧼋遶
chấp	执	執
chấpChính	执政	執政
chấpHành	执行	執行
chế	制	製
chếPhẩm	制品	製品
chếTác	制作	製作
chếTạo	制造	製造
chếĐộ	制度	製度
chỉ	只	𥿗	指
chỉSố	指数
chỉSốKinhTế	指数経济	指数經濟
chỉThị	指示
chị	姉
chịEm	姉㛪
chủ	主
chủNhân	主人
chủNhật	主日
chủThể	主体	主體
chủTrị	主治
chủĐề	主題
chức	織
chứng	證
chữ	𡦂	𡨸
chữHán	𡦂漢	𡨸漢
chữMắt	𡦂眜	𡨸眜
chữNôm	𡦂喃	𡨸喃
chữThậpĐỏ	𡦂十𧹼	𡨸十𧹼
chữViết	𡦂曰	𡨸曰
coi	䁛
coiThương	䁛常
con	𡥵
conBé	𡥵𡮣
conGái	𡥵𡛔
conMột	𡥵𠬠
conNgười	𡥵𠊛
conTrai	𡥵𤳆
cuộc	局
cuộcĐời	局𠁀
cá	𩵜
cáBiển	𩵜𣷷
cáVàng	𩵜鐄
các	各
cácBạn	各伴
cácVị	各位
cách	格	革
cáchLàm	格爫
cáchMạng	革命
cái	丐
cáiGì	丐之	丐咦
cáiNày	丐尼	丐呢
cáiĐó	丐妬
cámƠn	感恩
cáĐồng	𩵜垌
cân	斤
cânThư	斤書
câu	句
câuHỏi	句𠳨
cây	𣘃
câySố	𣘃数
câyViết	𣘃曰
còn	群
cònLại	群吏
có	固
cóKhi	固欺
cóLý	固理
cóQuyền	固权	固權
cóThể	固体	固體
cóTuổi	固歲
cóĐiều	固条	固條
cô	姑
côGiáo	姑教
công	工	公	功
côngAn	公安
côngBố	公佈
côngNghiệp	工業
côngNghệ	工芸	工藝
côngNhân	工人
côngNhận	公認
côngThức	公式
côngTy	公司
côngTác	工作
côngViệc	工役
côngXã	公社
cõi	𡎝
cùng	共
cũ	𫇰
cũng	拱
cơ	机	機	基
cơBản	基本
cơHội	机会	機會
cơQuan	机関	機關
cơThể	机体	機體
cơm	粓
cười	唭
cả	哿
cải	改
cảiCách	改革
cảiTổ	改組
cảm	感
cảmThương	感傷
cảmThấy	感𧡊
cảmƠn	感恩
cảnh	景	警
cảnhTình	景情
cảnhVật	景物
cảnhVệ	警衛
cấp	級	急
cấpThời	急時
cần	勤
cầnYếu	勤要
cầu	求
cầuXin	求吀
cận	近
cậnThị	近視
cậnĐại	近代
cập	及
cắt	割
cổ	古
cổĐiển	古典
cộng	共
cộngHoà	共和
cộngSản	共産
cộngĐồng	共同
cờ	旗	碁
của	𧵑
củaCông	𧵑公
cứ	拠
cứu	究
cứĐiểm	拠點
cử	舉
cửHành	舉行
cửNhân	舉人
cửa	𨴦	𨷶
cửaHàng	𨴦行	𨷶行
cửaSổ	𨴦数	𨷶数
da	䏧
daThuộc	䏧屬
danh	名
danhTừ	名詞
do	由
doanh	营	營
doanhNghiệp	营業	營業
doanhSố	营数	營数
duyNhất	唯一
dài	𨱽
dân	民
dânChủ	民主
dânCử	民舉
dânQuyền	民权	民權
dânSố	民数
dânSự	民事
dânVệ	民衛
dây	絏
dâyĐiện	絏電
dãy	𧿆
dãyNúi	𧿆𡶀
dù	𠶢
dùRằng	𠶢浪	𠶢哴
dùSao	𠶢牢
dùng	用
dương	洋
dưới	𤲂
dược	藥
dượcHọc	藥学	藥學
dượcLiệu	藥料
dượcPhòng	藥房
dượcPhẩm	藥品
dượcSĩ	藥士
dượcĐiển	藥典
dạ	唯
dạVâng	唯𠳐
dạy	𠰺
dạyBảo	𠰺保
dạyHọc	𠰺学	𠰺學
dầu	油
dầuĂn	油咹	油𩛖
dắt	𢩮
dễ	易
dễThương	易傷
dễThường	易常
dịch	譯
dịchVụ	役務
dụng	用
dự	預
dựBáo	預報
dựChi	預支
dựKiến	預見
dựa	豫
dựaTrên	豫𨕭
dựng	𥩯
dựÁn	預案
dựĐịnh	預定
em	㛪
emBé	㛪𡮣
gia	家	加
giaCảnh	家景
giaNhập	加入
giaVị	加味
gian	間
giao	交
giaoHàng	交行
giaĐình	家庭
giaĐìnhBênNội	家庭边内
giaĐìnhTrị	家庭治
già	𦓅
giàCả	𦓅哿
giàYếu	𦓅要
giàĐời	𦓅𠁀
giá	价	價
giáMắt	价眜	價眜
giáThịTrường	价市場	價市場
giáTrị	价値	價値
giáo	教
giáoSư	教師
giáoViên	教員
giáoVụ	教務
giáoĐường	教堂
giáp	夾
giápChiến	夾戰
giápGiới	夾界
giápHạt	夾籺
giápMặt	夾𩈘
gió	𩙌	𩙋
gióMưa	𩙌𩅹	𩙋𩅹
gióTrăng	𩙌𦝄	𩙋𦝄
gióĐông	𩙌東	𩙋東
giúp	𠢞
giúpĐỡ	𠢞拖
giải	解
giảiNghĩa	解義
giảiQuyết	解決
giảiThích	解釋
giấy	紙
giấyBáo	紙報
giấyBạc	紙鉑
giấyIn	紙印
giấyViếtThư	紙曰書
giấyĐánhMáy	紙打𣛠
giấyẢnh	紙影
giới	界
giớiHạn	界限
giờ	𣇞
giờLàmViệc	𣇞爫役
giờĐây	𣇞低
giữ	𡨹
giữLòng	𡨹𢚸
giữLời	𡨹𠳒
giữMiệng	𡨹𠰘
giữa	𡨌
giữÝ	𡨹意
gái	𡛔
gây	𢲧
gâyChiến	𢲧戰
gâyChuyện	𢲧𡀯
gâyDựng	𢲧𥩯
gì	之	咦
gấp	急
gần	𧵆
gầnXa	𧵆賖
gọi	噲
gọiCửa	噲𨴦	噲𨷶
gọiLà	噲羅
hai	𠄩
hay	咍
hayLà	咍羅
hayQuá	咍過
haySao	咍牢
hiểm	險
hiểu	曉
hiểuBiết	曉别
hiện	現
hiệnNay	現𠉞
hiệnTiền	現前
hiệnTại	現在
hiệnĐại	現代
hoa	花	華
hoaKỳ	花旗
hoaTrà	花茶
hoà	和
hoàBình	和平
hoá	化
hoáHọc	化学	化學
hoáTrị	化値
hoặc	或
hoặcLà	或羅
hà	河
hàNội	河内
hàng	行	航
hàngChữ	行𡦂	行𡨸
hàngHải	航海
hàngKhông	航空
hànhKhách	行客
hán	漢
hánViệt	漢越
hánVăn	漢文
hãng	行
hình	形
hìnhThành	形成
hìnhẢnh	形影
hòn	𡉕
hònĐảo	𡉕島
hôm	歆	𣋚
hômNay	歆𠉞	𣋚𠉞
hômQua	歆戈	𣋚戈
hômSau	歆𡢐	𣋚𡢐
hômXưa	歆𠸗	𣋚𠸗
hơn	欣
hương	香	鄉
hươngLiệu	香料
hươngTục	鄉俗
hươngVị	香味
hưởng	響
hạch	核
hạchNhân	核仁
hạn	限
hạnh	幸	杏
hạnhNhân	杏仁
hạtChâu	籺珠
hạtMưa	籺𩅹
hạtSen	籺蓮
hạtTiêu	籺椒
hải	海
hảiKhẩu	海口
hảiNam	海南
hảiNgoại	海外
hảiQuan	海関	海關
hảiQuân	海軍
hận	恨
hậu	後
hậuThuộcĐịa	後屬地
hậuĐường	後堂
hết	歇
hếtCả	歇哿
hệ	係	系
hệSố	係数
hệThống	系統
họ	户	戶
học	学	學
họcHành	学行	學行
họcSinh	学生	學生
họcThuộcLòng	学屬𢚸	學屬𢚸
họcViện	学院	學院
họcVấn	学問	學問
họcĐường	学堂	學堂
hỏi	𠳨
hối	悔
hốiHận	悔恨
hốiTiếc	悔惜
hồng	紅
hồngHà	紅河
hồngThậpTự	紅十字
hỗ	互
hỗTrợ	互助
hộKhẩu	户口	戶口
hội	会	會
hộp	盒
hộpThư	盒書
hột	籺
hợp	合
hợpBang	合邦
hợpDoanh	合营	合營
hợpPhần	合分
in	印
khi	欺
khiNào	欺芇
khoa	科
khoaHọc	科学	科學
khoaTrưởng	科長
khoẻ	劸
khu	區
khuPhố	區鋪
khuVực	區域
khác	恪
khácBiệt	恪别
khácThường	恪常
khách	客
kháchĐịa	客地
khí	氣
khó	𧁷
khóKhăn	𧁷巾
khóLòng	𧁷𢚸
không	空
khôngBaoGiờ	空包𣇞
khôngGì	空之	空咦
khôngKhí	空氣
khôngKể	空計	空𠸥
khôngSao	空牢
khôngThể	空体	空體
khăn	巾
khảo	考
khảoCứu	考究
khảoTra	考查
khẩu	口
khẩuPhần	口分
khắp	泣
khắpNơi	泣坭
khổ	苦
khổng	孔
khổngGiáo	孔教
khổngTử	孔子
kinh	経	經
kinhDoanh	経营	經營
kinhSử	経史	經史
kinhTài	経財	經財
kinhTế	経济	經濟
kiếm	劍
kiếmThuật	劍朮	劍術
kiến	見
kiện	件
kêu	叫	呌
kêuCầu	叫求	呌求
kêuGọi	叫噲	呌噲
kêuTrời	叫𡗶	呌𡗶
kết	結
kếtHợp	結合
kếtQuả	結果
kể	計	𠸥
kểRa	計𦋦	𠸥𦋦
kểTrên	計𨕭	𠸥𨕭
kỳ	奇	期	圻
kỷ	紀
kỷNguyên	紀元
lan	蘭
liên	連	聯
liênBang	聯邦
liênDoanh	聯营	聯營
liênHệ	聯係
liênHợp	聯合
liênKết	連結
liênQuan	聯関	聯關
liênTỉnh	聯省
liệu	料
long	龍
loại	類
luận	論
luậnCứ	論拠
luậnNgữ	論語
luậnĐề	論題
luật	律
luậtSư	律師
là	羅
làm	爫
làmCho	爫朱
làmGiấy	爫紙
làmGì	爫之	爫咦
làmKhách	爫客
làmSao	爫牢
làmViệc	爫役
lâm	林
lâmHọc	林学	林學
lãnh	領
lãnhSự	領事
lên	𨖲
lòng	𢚸
lúc	𣅶
lúcNày	𣅶尼	𣅶呢
lý	李	理
lýDo	理由
lượng	量
lại	吏	ヌ
lấy	𥙩
lần	吝
lầnĐầu	吝頭
lầnĐầuTiên	吝頭先
lập	立
lắm	𡗋
lễ	礼	禮
lễGiáo	礼教	禮教
lễTrungThu	礼中秋	禮中秋
lịch	歷	厤	曆
lịchSử	歷史
lỗi	纇
lớn	𡘯
lời	𠳒
lửa	焒
lửaLòng	焒𢚸
lửaTình	焒情
lực	力
lựcLượng	力量
mai	埋
maiMột	埋𠬠
minh	明
miền	沔
miềnBắc	沔北
miềnNam	沔南
miềnTrung	沔中
mua	𧷸
muốn	悶	㦖
mà	麻	𦓡
màu	牟
màuSắc	牟色
màuXanhDaTrời	牟撑䏧𡗶	牟𩇢䏧𡗶
má	媽
máu	𧖱
máuTham	𧖱貪
máy	𣛠
máyBay	𣛠𠖤
mây	𩄲
mình	𠵴
môi	媒
môiTrường	媒場
môiTrườngHọc	媒場学	媒場學
mùi	味
mưa	𩅹
mười	𨑮
mạng	命
mạngNgười	命𠊛
mạnh	孟
mạnhKhoẻ	孟劸
mất	𠅍
mấtDạy	𠅍𠰺
mấy	𠇍
mắt	眜
mặc	默
mặcCảm	默感
mặcDù	默𠶢
mặcDầu	默𠶢
mặt	𩈘
mặtTiền	𩈘前
mặtTrăng	𩈘𦝄
mặtTrận	𩈘陣
mẹ	媄
mọi	𤞦
mọiNgười	𤞦𠊛
mỗi	每
một	𠬠	没
mộtCái	𠬠丐
mộtDược	没藥
mộtLúc	𠬠𣅶
mộtLần	𠬠吝
mộtNghìn	𠬠𠦳
mộtTriệu	𠬠兆
mộtTrăm	𠬠𤾓
mộtVạn	𠬠万	𠬠萬
mộtÍt	𠬠𠃣
mới	㵋
mớiĐây	㵋低
mục	目
mỹ	美
mỹThuật	美朮	美術
nam	南
namDương	南洋
namKỳ	南圻
nay	𠉞
ngay	𣦍
ngayKhi	𣦍欺
ngayNgắn	𣦍𥐉
ngayThật	𣦍實
nghe	𦖑
ngheLời	𦖑𠳒
nghiên	研
nghiênCứu	研究
nghiênCứuSinh	研究生
nghiệp	業
nghìn	𠦳
nghĩa	義
nghĩaVụ	義務
nghề	芸	藝
nghềNghiệp	芸業	藝業
nghệThuật	芸朮	藝術
ngon	𤯆
ngonMiệng	𤯆𠰘
ngonMắt	𤯆眜
ngoài	外
ngoàiGiao	外交
ngoàiMiệng	外𠰘
ngoạiQuốc	外國
nguy	危
nguyHiểm	危險
nguyên	元
nguyênNiên	元年
nguyênÂm	元音
nguyễn	阮
ngài	𠊚
ngàn	𠦳
ngày	𣈜
ngàyLễ	𣈜礼	𣈜禮
ngàyNay	𣈜𠉞
ngàySau	𣈜𡢐
ngàyTháng	𣈜𣎃
ngàyThường	𣈜常
ngàyXưa	𣈜𠸗
ngân	銀
ngânHàng	銀行
ngânHàngMáu	銀行𧖱
ngói	瓦
ngôn	言
ngônNgữ	言語
ngũ	五
ngũThường	五常
người	𠊛
ngườiTa	𠊛些
ngườiViệt	𠊛越
ngườiXưa	𠊛𠸗
ngắn	𥐉
ngủ	𥄬
ngủNgon	𥄬𤯆
ngữ	語
ngữHệ	語系
nhau	膮
nhiên	然
nhiêu	饒
nhiều	𡗉
nhiềuKhi	𡗉欺
nhiềuLời	𡗉𠳒
nhà	茹
nhàCửa	茹𨴦	茹𨷶
nhàHàng	茹行
nhàKhách	茹客
nhàNước	茹渃
nhàTrẻ	茹𥘷
nhàTôi	茹碎	茹倅
nhàVua	茹𤤰
nhàVăn	茹文
nhàỞ	茹於
nhân	人	仁
nhânDân	人民
nhânLoại	人類
nhânLoạiHọc	人類学	人類學
nhânNghĩa	仁義
nhânTạo	人造
nhânViên	人員
nhânĐức	人德
nhì	二
nhìn	𥆾
nhìnThấy	𥆾𧡊
nhóm	呫
như	如
nhưCũ	如𫇰
nhưKhông	如空
nhưLà	如羅
nhưThế	如勢
nhưThếNào	如勢芇
nhưVậy	如丕
nhưng	仍
nhưngMà	仍麻	仍𦓡
nhạc	樂
nhất	一
nhấtLà	一羅
nhấtĐịnh	一定
nhận	認
nhậnBiết	認别
nhậnLời	認𠳒
nhậnMặt	認𩈘
nhậnRa	認𦋦
nhập	入
nhậpCuộc	入局
nhậpCảnh	入景
nhậpHọc	入学	入學
nhậpHội	入会	入會
nhậpKhẩu	入口
nhậpNội	入内
nhật	日
nhậtDụng	日用
nhịNguyên	二元
nhỏ	𡮈
nhỏTuổi	𡮈歲
nhỏYếu	𡮈要
nhớ	𢖵
nhớLại	𢖵吏
nhớNhà	𢖵茹
nhớRa	𢖵𦋦
nhớThương	𢖵傷
nhớTiếc	𢖵惜
nhớĐời	𢖵𠁀
những	仍
niên	年
niênThiếu	年少
non	嫩	𡽫
nonNước	𡽫渃
nonTrẻ	嫩𥘷
nào	芇
này	尼	呢
nên	𢧚
nênNgười	𢧚𠊛
nó	奴	伮
nói	吶	呐
nóiChuyện	吶𡀯	呐𡀯
nóiChơi	吶𨔈	呐𨔈
nóiLà	吶羅	呐羅
nôm	喃
núi	𡶀
núiLửa	𡶀焒
núiNon	𡶀𡽫
năm	𠄼	𢆥
nămXưa	𢆥𠸗
năng	能
năngLượng	能量
năngLực	能力
năngĐộng	能動
nơi	坭
nước	渃
nướcHoa	渃花
nướcMắt	渃眜
nướcNgoài	渃外
nướcSôi	渃炊
nướcTrà	渃茶
nướcViệt	渃越
nướcĐa	渃𥒥
nếu	𠮩	𡀮
nếuKhông	𠮩空	𡀮空
nội	内
nộiNăng	内能
nộiTrị	内治
nộiTại	内在
nộiVụ	内務
nộiĐường	内堂
nộiĐịa	内地
nữ	女
nữHọcĐường	女学堂	女學堂
nữThần	女神
nữa	女
phi	飛
phiCơ	飛机	飛機
phiKiếm	飛劍
phiTrường	飛場
phiĐội	飛隊
pháp	法
phápQuyền	法权	法權
phápThuộc	法屬
phápTrị	法治
phát	發
phátHiện	發現
phátTiết	發節
phátTriển	發展
phátVấn	發問
phân	分
phânBiệt	分别
phânBố	分佈
phânChia	分𢺺
phânLoại	分類
phânLoạiHọc	分類学	分類學
phèn	𥽢
phòng	房	防
phòngBị	防備
phòngKhách	房客
phòngKhông	防空
phòngNgủ	房𥄬
phòngTrà	房茶
phòngVệ	防衛
phòngĂn	房咹	房𩛖
phương	方
phường	坊
phạm	犯
phạmNhân	犯人
phạmPháp	犯法
phải	沛
phản	反
phảnĐối	反对	反對
phần	分
phầnCông	分工
phầnLớn	分𡘯
phầnNhiều	分𡗉
phầnNào	分芇
phầnTrăm	分𤾓
phầnTử	分子
phầnViệc	分役
phẩm	品
phẩmLoại	品類
phật	佛
phậtGiáo	佛教
phậtTổ	佛組
phậtĐường	佛堂
phố	鋪
phốXá	鋪舍
phủ	府
qua	戈
quan	関	關	觀
quanHệ	関係	關係
quanTrọng	関重	關重
quang	光
quanÂm	觀音
quanĐiểm	觀點
quaĐời	戈𠁀
quyết	決
quyếtĐịnh	決定
quyếtĐịnhLuận	決定論
quyền	权	權
quyềnLực	权力	權力
quyềnNăng	权能	權能
quá	過
quáLắm	過𡗋
quáTrình	過程
quân	軍
quânSự	軍事
quânĐội	軍隊
quả	果
quốc	國
quốcDoanh	國营	國營
quốcGia	國家
quốcNgữ	國語
quốcPhòng	國防
quốcTế	國际	國際
quỳ	跪
quỳnh	瓊
ra	𦋦
raTrận	𦋦陣
raVào	𦋦𠓨
raĐi	𦋦𠫾
rất	慄
rấtLà	慄羅
rằng	浪	哴
rồi	耒
rồiRa	耒𦋦
rồng	龍
sao	牢
sau	𡢐
sauCùng	𡢐共
sauHết	𡢐歇
sauKhi	𡢐欺
sauNày	𡢐尼	𡢐呢
sauNữa	𡢐女
sauXưa	𡢐𠸗
sauĐây	𡢐低
sauĐó	𡢐妬
sen	蓮
sinh	生
sinhNhật	生日
sinhTrưởng	生長
sinhViên	生員
sinhVật	生物
sách	冊	册
sáng	𤎜
sángMắt	𤎜眜
sáu	𦒹
sôi	炊
sĩ	士
sơn	山
sơnLâm	山林
sư	師
sưTrưởng	師長
sản	産
sảnPhẩm	産品
sảnXuất	産出
sắc	色
sắcĐẹp	色𢢲
sẻ	𢩿
sẽ	𠱊
số	数
sốLiệu	数料
sốLượng	数量
sống	𤯩
sốÍt	数𠃣
sợi	𥾘
sợiChỉ	𥾘𥿗
sứ	使
sử	史
sửDụng	使用
sửHọc	史学	史學
sửSách	史冊	史册
sự	事
sựVật	事物
ta	些
tay	𢬣
tayTrắng	𢬣𤽸
tham	貪	参	參
thamChiến	参戰	參戰
thamGia	参加	參加
thamKhảo	参考	參考
thamQuan	参觀	參觀
thamTài	貪財
thamĂn	貪咹	貪𩛖
thanh	青	清	聲
thanhLong	青龍
thanhNiên	青年
thanhThiên	青天
thanhToán	清算
thanhTra	清查
thanhTâm	清心
thay	台
thayVì	台為	台爲
theo	遶
thi	詩	試
thiCử	試舉
thiNhân	詩人
thiên	天
thiênSứ	天使
thiênĐường	天堂
thiếu	少
thiệt	寔
thu	秋
thuyền	船
thuyềnTrưởng	船長
thuật	朮	術
thuộc	屬
thuộcLòng	屬𢚸
thuộcĐịa	屬地
thuỷ	水
thành	城	成	誠
thànhCông	成功
thànhPhần	成分
thànhPhố	城鋪
thànhThật	誠實
thànhThị	城市
thànhThử	成此
thái	太
tháiBình	太平
tháiBìnhDương	太平洋
tháiTử	太子
tháng	𣎃
thángTư	𣎃四
thân	身
thânThể	身体	身體
thêm	添
thì	時
thìGiờ	時𣇞
thích	適	釋
thíchHợp	適合
thíchÝ	適意
thông	聪	聰	通
thôngBáo	通報
thôngDụng	通用
thôngMinh	聪明	聰明
thôngTin	通信
thư	書
thưĐiệnTử	書電子
thương	傷
thường	常
thườngKhi	常欺
thườngNgày	常𣈜
thườngNhật	常日
thườngNiên	常年
thườngThường	常常
thượng	上
thượngHải	上海
thượngKhách	上客
thượngPhẩm	上品
thất	失
thấtThường	失常
thấtTrận	失陣
thấy	𧡊
thần	神
thầy	偨
thầyGiáo	偨教
thập	十
thậpNiên	十年
thật	實
thế	替	世	勢
thếGiới	世界
thếKỷ	世紀
thếNào	勢芇
thếPhẩm	替品
thếSự	世事
thếTục	世俗
thể	体	體
thị	視	市	示
thịTrường	市場
thống	統
thổ	土
thời	時
thờiCơ	時机	時機
thờiGian	時間
thờiKỳ	時期
thờiTiết	時節
thờiĐại	時代
thủ	首	手
thủTrưởng	首長
thủTướng	首將
thứ	次
thứBa	次𠀧
thứBảy	次𦉱
thứHai	次𠄩
thứNhì	次二
thứNhất	次一
thứNăm	次𠄼
thứSáu	次𦒹
thứTrưởng	次長
thứTư	次四
thứYếu	次要
thức	式
thứcĂn	式咹	式𩛖
thử	試	此
thựcHiện	實現
tin	信
tinTức	信息
tinh	精
tinhMinh	精明
tinhThần	精神
tiên	仙	先
tiêu	椒
tiếc	惜
tiếng	㗂
tiếngAnh	㗂英
tiếngMỹ	㗂美
tiếngNhật	㗂日
tiếngNói	㗂吶	㗂呐
tiếngPháp	㗂法
tiếngTrungQuốc	㗂中國
tiếngViệt	㗂越
tiếngÝ	㗂意
tiếngĐức	㗂德
tiếp	接
tiếpGiáp	接夾
tiếpTục	接俗
tiết	節
tiếtMục	節目
tiền	前	錢
tiềnBạc	錢鉑
tiềnGiấy	錢紙
tiềnMặt	錢𩈘
tiềnNhân	前人
tiềnSử	前史
tiềnĐề	前提
tiềnĐịnh	前定
tiềnĐồ	前途
tiểu	小
tiểuBang	小邦
tiểuHọc	小学	小學
tiểuSử	小史
tiệm	店
tiệmĂn	店咹	店𩛖
to	𡚢
toLớn	𡚢𡘯
toàn	全
toán	算
tra	查
traCứu	查究
trai	𤳆
trang	妝
trangĐiểm	妝點
triều	朝
triển	展
triệu	兆
trong	𥪝	𤄯
trongKhi	𥪝欺
trongSáng	𤄯𤎜
trung	中
trungKỳ	中圻
trungQuốc	中國
trungTâm	中心
trungTâmNghiênCứu	中心研究
truyền	傳
truyềnHình	傳形
truyềnThanh	傳聲
truyện	傳
trà	茶
tràXanh	茶撑	茶𩇢
trái	賴	𣛤
tráiĐất	𣛤坦
trên	𨕭
trình	呈	程
trìnhĐộ	程度
trí	置
trăm	𤾓
trăng	𦝄
trương	張
trước	𠓀
trướcKhi	𠓀欺
trướcMặt	𠓀𩈘
trướcSau	𠓀𡢐
trướcĐây	𠓀低
trường	場	長
trườngBay	場𠖤
trườngHọc	場学	場學
trườngHợp	場合
trườngTiểuHọc	場小学	場小學
trườngĐạiHọc	場大学	場大學
trưởng	長
trưởngKhoa	長科
trưởngThành	長成
trả	呂
trảLời	呂𠳒
trảƠn	呂恩
trần	陳
trận	陣
trắng	𤽸
trẻ	𥘷
trẻCon	𥘷𡥵
trẻEm	𥘷㛪
trẻTuổi	𥘷歲
trị	治	値
trịBệnh	治病
trọng	重
trọngYếu	重要
trời	𡗶
trờiMưa	𡗶𩅹
trở	𧿨
trởLại	𧿨吏
trởNên	𧿨𢧚
trởVề	𧿨𧗱
trợ	助
trợLý	助理
trợThủ	助手
trợĐộngTừ	助動詞
tui	碎	倅
tuy	雖
tuyNhiên	雖然
tuổi	歲
tuổiTrẻ	歲𥘷
ty	司
tài	才	財	材
tàiChính	財政
tàiLiệu	材料
tàiNăng	才能
tàu	艚
tàuChiến	艚戰
tác	作
tácGia	作家
tám	𠔭
tâm	心
tâmThần	心神
tây	西
tên	𠸜	𥏌
tênGọi	𠸜噲
tênHọ	𠸜户	𠸜戶
tênLửa	𥏌焒
tênTục	𠸜俗
tìm	尋
tìmHiểu	尋曉
tình	情
tìnhCảm	情感
tìnhYêu	情𢞅
tìnhÂn	情恩
tính	併
tínhToán	併算
tôi	碎	倅
tôiTớ	碎伵	倅伵
tư	四
tướng	將
tại	在
tạiSao	在牢
tạiVì	在為	在爲
tạm	暫
tạmBiệt	暫别
tạmThời	暫時
tạo	造
tạoHoá	造化
tạoRa	造𦋦
tất	毕	畢	必
tấtCả	毕哿	畢哿
tấtNhiên	必然
tấtYếu	必要
tế	济	濟	际	際
tết	節
tếtNguyênĐán	節元旦
tếtTrungThu	節中秋
tỉnh	省
tối	最
tốiCao	最高
tốiHậu	最後
tốiHậuThư	最後書
tốiNghĩa	最義
tốiNgày	最𣈜
tốiThiểu	最少
tốiĐa	最多
tổ	組	祖
tổChức	組織
tổHợp	組合
tổQuốc	祖國
tổTiên	祖先
tổng	總
tổngCộng	總共
tổngKết	總結
tổngLãnhSự	總領事
tớ	伵
tới	細
tục	俗
tụcNgữ	俗語
tức	息
từ	詞	自
từĐiển	詞典
tử	子
tự	自	字
tựDo	自由
tựMình	自𠵴
tựNhiên	自然
tựTrị	自治
tựĐiển	字典
tựĐộng	自動
uống	㕵
viên	員
viết	曰
việc	役
việcLàm	役爫
viện	院
việnNghiênCứu	院研究
việt	越
việtNam	越南
vua	𤤰
vui	𢝙
vuiLòng	𢝙𢚸
và	吧
vàng	鐄
vàngTây	鐄西
vào	𠓨
vâng	𠳐
vì	為	爲
vìSao	為牢	爲牢
vói	𢭲
vóiTay	𢭲𢬣
vóiTới	𢭲細
vô	無
vôNghĩa	無義
văn	文
vănHoá	文化
vương	王
vươngQuốcAnh	王國英
vạn	万	萬
vạnNăng	万能	萬能
vạnVật	万物	萬物
vấn	問
vấnĐề	問題
vẫn	吻
vật	物
vậtLiệu	物料
vậtLý	物理
vậtLýHọc	物理学	物理學
vậtPhẩm	物品
vậtThể	物体	物體
vậy	丕
vậyMà	丕麻	丕𦓡
về	𧗱
vềNhà	𧗱茹
vệ	衛
vị	味	位
vịTrí	位置
với	貝	唄
vớiAi	貝埃	唄埃
vớiLại	貝吏	唄吏
vợ	𡞕
vụ	務
vừa	𣃣
vực	域
xa	賖
xanh	撑	𩇢
xanhXanh	撑ヌ	𩇢ヌ
xe	車
xem	䀡
xin	吀
xinChào	吀嘲
xinLỗi	吀纇
xuất	出
xuấtBản	出版
xuấtHiện	出現
xuấtKhẩu	出口
xuống	𨑜
xá	舍
xây	𡏦
xâyDựng	𡏦𥩯
xã	社
xãHội	社会	社會
xãHộiChủNghĩa	社会主義	社會主義
xãLuận	社論
xưa	𠸗
xảy	仕
xảyRa	仕𦋦
yêu	𢞅	要
yêuCầu	要求
yếu	要
yếuNhân	要人
yếuĐiểm	要點
á	亜	亞
áChâu	亜洲	亞洲
án	案
áo	襖	奥
áoDài	襖𨱽
áoĐiMưa	襖𠫾𩅹
áp	壓
ápLực	壓力
ápLựcKhôngKhí	壓力空氣
áĐông	亜東	亞東
âm	音	阴	陰
âmHưởng	音響
âmLịch	阴厤	陰曆
âmNhạc	音樂
âmNhạcCổĐiển	音樂古典
âmThanh	音聲
âmTết	音節
ân	恩
ânCần	殷勤
ânNhân	恩人
ânTình	恩情
âu	歐
âuChâu	歐洲
âuLà	歐羅
ít	𠃣
ítCó	𠃣固
ítKhi	𠃣欺
ítLời	𠃣𠳒
ítNhiều	𠃣𡗉
ítNhất	𠃣一
ítTuổi	𠃣歲
ông	翁
ôngBà	翁妑	翁婆
ôngGià	翁𦓅
ý	意
ýChí	意志
ýKiến	意見
ýNghĩa	意義
ăn	咹	𩛖
ănCơm	咹粓	𩛖粓
ănThử	咹試	𩛖試
đa	多
đaPhần	多分
đaTrị	多値
đang	當
đaÂmTiết	多音節
đem	𨑻
đi	𠫾
điBộ	𠫾步
điChân	𠫾蹎
điChơi	𠫾𨔈
điLàm	𠫾爫
điLàmViệc	𠫾爫役
điQua	𠫾戈
điRa	𠫾𦋦
điTheo	𠫾遶
điVào	𠫾𠓨
điVề	𠫾𧗱
điĐiLạiLại	𠫾ヌ吏ヌ
điều	条	條
điềuKiện	条件	條件
điềuTra	調查
điểm	點
điển	典
điện	電
điệnTử	電子
đàn	彈
đànBà	彈妑	彈婆
đànÔng	彈翁
đá	跢	𥒥
đáHoa	𥒥花
đáLửa	𥒥焒
đán	旦
đánh	打
đánhGiá	打价	打價
đánhMáy	打𣛠
đánhNhau	打膮
đánhThức	打式
đánhĐộng	打動
đâu	兜
đâuCó	兜固
đâuĐây	兜低
đây	低
đã	㐌
đèn	畑
đènĐiện	畑電
đình	庭
đó	妬
đông	東
đôngDương	東洋
đôngDược	東藥
đưa	迻
đường	塘	糖	堂
đườngPhèn	糖𥽢
đườngPhố	塘鋪
đườngĐi	塘𠫾
được	得
đại	大	代
đạiBảnDoanh	大本营	大本營
đạiCôngNghiệp	大工業
đạiDoanh	大营	大營
đạiHọc	大学	大學
đạiSứ	大使
đạo	道
đạoPhật	道佛
đảng	党	黨
đảngSử	党史	黨史
đảngTrưởng	党長	黨長
đảngTrị	党治	黨治
đảo	島
đất	坦
đấtKhách	坦客
đấu	鬥	斗
đấuGiá	鬥价	鬥價
đấuĐá	鬥跢
đầu	頭	投
đầuCơ	投机	投機
đầuTháng	頭𣎃
đầuTiên	頭先
đặcĐiểm	特點
đẹp	𢢲
đẹpLòng	𢢲𢚸
đẹpTrai	𢢲𤳆
đẹpÝ	𢢲意
đến	𦤾
đếnNơi	𦤾坭
đề	題	提
đềCao	提高
đềCập	提及
đềPhòng	提防
đềTài	題材
đềXuất	題出
đều	調
đềuCũng	調拱
đềuNhau	調膮
để	底
đểCho	底朱
đệ	第
đệNhì	第二
đệNhất	第一
địa	地
địaPhương	地方
địaVực	地域
địaĐiểm	地點
định	定
địnhLiệu	定料
địnhNghĩa	定義
đọc	讀
đọcSách	讀冊	讀册
đỏ	𧹼
đối	对	對
đồ	圖	途
đồChơi	圖𨔈
đồVật	圖物
đồng	同	銅	垌
đồngBạc	銅鉑
đồngBằng	垌平
đồngNghĩa	同義
đồngÂm	同音
đồngÝ	同意
đổi	𢬭	𢷮
đổiMới	𢬭㵋	𢷮㵋
độ	度
độc	獨
độcLập	獨立
độcThân	獨身
đội	隊
độiHình	隊形
độiQuân	隊軍
độiTrưởng	隊長
động	動
độngTừ	動詞
độngVật	動物
độngVậtHọc	動物学	動物學
độngĐất	動坦
đời	𠁀
đờiSống	𠁀𤯩
đỡ	拖
đỡLời	拖𠳒
đỡĐầu	拖頭
đức	德
đứcHạnh	德行
đứcTin	德信
ơn	恩
ảnh	影
ảnhHưởng	影響
ảnhLửa	影焒
ấm	萻
ấnKiếm	印劍
ấnĐộ	印度
ấnĐộDương	印度洋
ấnĐộGiáo	印度教
ấy	𧘇
ở	於
ởLại	於吏
ởĐâu	於兜
ởĐó	於妬
